Model;Features
CDL/am31_sim.dimacs;1178
CDL/ea2468.dimacs;1408
CDL/p2106.dimacs;1262
KConfig/axTLS.dimacs;96
KConfig/busybox-1.18.0.dimacs;854
KConfig/embtoolkit.dimacs;1179
KConfig/linux-2.6.33.3.dimacs;6467
KConfig/uClibc.dimacs;313
KConfig/uClinux-base.dimacs;380
KConfig/uClinux-distribution.dimacs;1580
Smarch/2.6.28.6-icse11.dimacs;6888
Smarch/2.6.32-2var.dimacs;60072
Smarch/2.6.33.3-2var.dimacs;62482
Smarch/7z.dimacs;44
Smarch/BerkeleyDBC.dimacs;18
Smarch/Dune.dimacs;17
Smarch/HiPAcc.dimacs;31
Smarch/JHipster.dimacs;45
Smarch/JavaGC.dimacs;39
Smarch/LLVM.dimacs;11
Smarch/Polly.dimacs;40
Smarch/VP9.dimacs;42
Smarch/X264.dimacs;16
Smarch/adderII.dimacs;1276
Smarch/at91sam7sek.dimacs;1296
Smarch/axTLS.dimacs;684
Smarch/axtls_2_1_4.dimacs;94
Smarch/buildroot.dimacs;14910
Smarch/busybox-1.18.0.dimacs;6796
Smarch/busybox_1_28_0.dimacs;998
Smarch/ecos-icse11.dimacs;1244
Smarch/embtoolkit.dimacs;23516
Smarch/fiasco.dimacs;1638
Smarch/fiasco_17_10.dimacs;234
Smarch/freebsd-icse11.dimacs;1396
Smarch/freetz.dimacs;31012
Smarch/integrator_arm9.dimacs;1267
Smarch/lrzip.dimacs;20
Smarch/m5272c3.dimacs;1323
Smarch/olpce2294.dimacs;1274
Smarch/pati.dimacs;1248
Smarch/phycore229x.dimacs;1360
Smarch/ref4955.dimacs;1218
Smarch/se77x9.dimacs;1319
Smarch/toybox.dimacs;544
Smarch/toybox_0_7_5.dimacs;316
Smarch/uClibc-ng_1_0_29.dimacs;269
Smarch/uClinux-config.dimacs;11254
Smarch/uClinux.dimacs;1850
automotive01/automotive01.dimacs;2513
automotive02/automotive2_4.dimacs;18616
featureide_examples/berkeleydb.dimacs;76
financial_services/financialServices_2018-05-09.dimacs;771
confidential/automotive03/03.dimacs;588
confidential/automotive03/automotive03a.dimacs;384
confidential/automotive03/automotive03b.dimacs;4902
confidential/automotive04/04.dimacs;531
confidential/automotive05/05.dimacs;1663
confidential/automotive06/automotive06a.dimacs;449
confidential/automotive06/automotive06b.dimacs;5571
confidential/automotive07/automotive07a.dimacs;581
confidential/automotive07/automotive07b.dimacs;8649
